<math xmlns='http://www.w3.org/1998/Math/MathML'>
  <mrow>
    <mfrac>
      <mrow>
        <msqrt>
          <mrow>
            <mroot>
              <mrow>
                <msub>
                  <mrow>
                    <msup>
                      <mrow>
                        <mo>(</mo>
                        <msubsup>
                          <mrow>
                            <mover>
                              <mrow>
                                <munder>
                                  <mrow>
                                    <munderover>
                                      <mrow>
                                        <mtext>k</mtext>
                                      </mrow>
                                      <mrow>
                                        <mi>i</mi>
                                      </mrow>
                                      <mrow>
                                        <mi>j</mi>
                                      </mrow>
                                    </munderover>
                                  </mrow>
                                  <mrow>
                                    <mi>h</mi>
                                  </mrow>
                                </munder>
                              </mrow>
                              <mrow>
                                <mi>g</mi>
                              </mrow>
                            </mover>
                          </mrow>
                          <mrow>
                            <mi>e</mi>
                          </mrow>
                          <mrow>
                            <mi>f</mi>
                          </mrow>
                        </msubsup>
                        <mo>)</mo>
                      </mrow>
                      <mrow>
                        <mi>d</mi>
                      </mrow>
                    </msup>
                  </mrow>
                  <mrow>
                    <mi>c</mi>
                  </mrow>
                </msub>
              </mrow>
              <mrow>
                <mi>b</mi>
              </mrow>
            </mroot>
          </mrow>
        </msqrt>
      </mrow>
      <mrow>
        <mi>a</mi>
      </mrow>
    </mfrac>
  </mrow>
</math>

