<?xml version="1.0" encoding="utf-8" ?>
<shortcuts>
  <formula_new>
      <control>yes</control><alt>no</alt><key>N</key>
  </formula_new>
  <formula_import-mathml>
      <control>yes</control><alt>no</alt><key>O</key>
  </formula_import-mathml>
  <formula_undo>
      <control>yes</control><alt>no</alt><key>Z</key>
  </formula_undo>
  <formula_clear-excerpt>
      <control>no</control><alt>no</alt><key>Del</key>
  </formula_clear-excerpt>
  <formula_read>
      <control>yes</control><alt>no</alt><key>R</key>
  </formula_read>
  <formula_copy-to-clipboard>
      <control>yes</control><alt>no</alt><key>C</key>
  </formula_copy-to-clipboard>
  <formula_export-as-mathml>
      <control>yes</control><alt>no</alt><key>S</key>
  </formula_export-as-mathml>
  <formula_export-as-graphic>
      <control>no</control><alt>no</alt><key></key>
  </formula_export-as-graphic>
  <formula_close>
      <control>yes</control><alt>no</alt><key>Q</key>
  </formula_close>
  <view_always-on-top>
      <control>no</control><alt>no</alt><key>F12</key>
  </view_always-on-top>
  <view_menu>
      <control>no</control><alt>no</alt><key>F11</key>
  </view_menu>
  <view_mathjax>
      <control>no</control><alt>no</alt><key>F9</key>
  </view_mathjax>
  <view_tokens>
      <control>no</control><alt>no</alt><key>F2</key>
  </view_tokens>
  <view_repository>
      <control>no</control><alt>no</alt><key>F3</key>
  </view_repository>
  <view_auto-tune-to-math-book>
      <control>no</control><alt>no</alt><key></key>
  </view_auto-tune-to-math-book>
  <options_english-excerpts>
      <control>no</control><alt>yes</alt><key>E</key>
  </options_english-excerpts>
  <options_high-contrast>
      <control>no</control><alt>no</alt><key></key>
  </options_high-contrast>
  <options_read-superscript-as-power>
      <control>no</control><alt>no</alt><key></key>
  </options_read-superscript-as-power>
  <options_voice-prompting>
      <control>no</control><alt>yes</alt><key>V</key>
  </options_voice-prompting>
  <options_edit-keyboard-shortcuts>
      <control>no</control><alt>yes</alt><key>K</key>
  </options_edit-keyboard-shortcuts>
  <options_edit-master-token-list>
      <control>no</control><alt>yes</alt><key>T</key>
  </options_edit-master-token-list>
  <help_index>
      <control>no</control><alt>no</alt><key>F1</key>
  </help_index>
  <help_about>
      <control>no</control><alt>no</alt><key></key>
  </help_about>
</shortcuts>
